"careunit","avg_staytime"
"CCU",2.9601980874316944
"CSRU",3.7599305555555547
"MICU",3.9776041666666666
"SICU",3.82842803030303
"TSICU",3.444583333333334
