"careunit","avg_staytime","simv"
"CCU",2.364027777777778,0
"CCU",2.9165625,1
"CSRU",2.16875,0
"CSRU",4.064791666666666,1
"MICU",4.098327546296297,1
"MICU",7.162083333333332,0
"SICU",1.923611111111111,0
"SICU",3.8284280303030305,1
"TSICU",2.1575,0
"TSICU",3.8057142857142856,1
