"careunit","avg_staytime"
"CCU",3.1784446891087574
"CSRU",3.8480080223169337
"MICU",3.968775221149038
"NICU",10.14790723014678
"NWARD",2.4761004393344574
"SICU",4.9144431426847275
"TSICU",4.008462496226986
