"careunit","avg_staytime"
"CCU",3.127777777777778
"CSRU",4.589411764705882
"MICU",3.5425297619047624
"SICU",3.1922222222222225
"TSICU",3.6284523809523814
