"careunit","avg_staytime"
"CCU",2.3414423076923074
"CSRU",2.8981597222222226
"MICU",5.4692763157894735
"SICU",5.19172619047619
"TSICU",2.1575
